{
    "lapEnergy": 349.8145781860135,
    "lapTime": 22.090000000000796,
    "maxCrossTrackError": 0.11212158578971308,
    "meanCrossTrackError": 0.013820564107389,
    "meanSpeed": 0.056219100324640336
}