{
    "lapEnergy": 407.04811835591136,
    "lapTime": 12.63999999999976,
    "maxCrossTrackError": 0.11212158578971308,
    "meanCrossTrackError": 0.012959335747698246,
    "meanSpeed": 0.09774302719171843
}