{
    "lapEnergy": 2000,
    "lapTime": 45,
    "maxCrossTrackError": 0.28781098445720865,
    "meanCrossTrackError": 0.13657410295888495,
    "meanSpeed": 0.0881985692926572
}