{
    "lapEnergy": 421.92785466212945,
    "lapTime": 18.700000000000266,
    "maxCrossTrackError": 0.11212158578971308,
    "meanCrossTrackError": 0.022781762396650754,
    "meanSpeed": 0.07867901048168933
}