{
    "lapEnergy": 364.2189630975099,
    "lapTime": 27.030000000001568,
    "maxCrossTrackError": 0.11212158578971308,
    "meanCrossTrackError": 0.013168165791517672,
    "meanSpeed": 0.04666934706056134
}