{
    "lapEnergy": 2000,
    "lapTime": 45,
    "maxCrossTrackError": 0.805288957328947,
    "meanCrossTrackError": 0.39297314172010295,
    "meanSpeed": 0.09439410926688996
}