{
    "lapEnergy": 2000,
    "lapTime": 45,
    "maxCrossTrackError": 0.3976519569426771,
    "meanCrossTrackError": 0.16188113778145213,
    "meanSpeed": 0.07247651140360724
}