{
    "lapEnergy": 570.681692707243,
    "lapTime": 13.439999999999744,
    "maxCrossTrackError": 0.1602630029367072,
    "meanCrossTrackError": 0.05372938835482391,
    "meanSpeed": 0.12137948463654506
}