{
    "lapEnergy": 2000,
    "lapTime": 45,
    "maxCrossTrackError": 0.44528308424975277,
    "meanCrossTrackError": 0.18797220766375813,
    "meanSpeed": 0.06052922186589123
}