{
    "lapEnergy": 351.5660288914755,
    "lapTime": 22.7600000000009,
    "maxCrossTrackError": 0.11212158578971308,
    "meanCrossTrackError": 0.013696209162007558,
    "meanSpeed": 0.054762321571818144
}