{
    "lapEnergy": 2000,
    "lapTime": 45,
    "maxCrossTrackError": 0.36671074370601436,
    "meanCrossTrackError": 0.14022062516189432,
    "meanSpeed": 0.10420709725693639
}