{
    "lapTime": 23.660000000001087,
    "maxCrossTrackError": 0.11212158578971308,
    "meanCrossTrackError": 0.013583941652815429,
    "meanSpeed": 0.053521718937416383
}