{
    "lapEnergy": 2000,
    "lapTime": 45,
    "maxCrossTrackError": 2.352703511270102,
    "meanCrossTrackError": 1.0095323294625804,
    "meanSpeed": 0.0682540999541688
}