{
    "lapTime": 23.410000000001048,
    "maxCrossTrackError": 0.11212158578971308,
    "meanCrossTrackError": 0.015178117402972863,
    "meanSpeed": 0.05251275581036053
}