{
    "lapEnergy": 383.94090709543934,
    "lapTime": 16.51000000000011,
    "maxCrossTrackError": 0.11212158578971308,
    "meanCrossTrackError": 0.011401719260493917,
    "meanSpeed": 0.08458420411752428
}