{
    "lapEnergy": 2000,
    "lapTime": 45,
    "maxCrossTrackError": 0.6258265941474025,
    "meanCrossTrackError": 0.2941498583213384,
    "meanSpeed": 0.07841723523227219
}