{
    "lapEnergy": 365.0593257535379,
    "lapTime": 21.910000000000732,
    "maxCrossTrackError": 0.11212158578971308,
    "meanCrossTrackError": 0.013573251243002432,
    "meanSpeed": 0.05629694555910352
}