{
    "lapEnergy": 415.0397254327645,
    "lapTime": 25.400000000001278,
    "maxCrossTrackError": 0.11212158578971308,
    "meanCrossTrackError": 0.02727801439998131,
    "meanSpeed": 0.05630896597070333
}