{
    "lapEnergy": 2000,
    "lapTime": 45,
    "maxCrossTrackError": 0.46672679983838,
    "meanCrossTrackError": 0.21558202971440485,
    "meanSpeed": 0.06494132338262948
}