{
    "lapEnergy": 2000,
    "lapTime": 45,
    "maxCrossTrackError": 0.24144675215398975,
    "meanCrossTrackError": 0.09007135076164959,
    "meanSpeed": 0.07230107601673444
}