{
    "lapEnergy": 358.4773100536486,
    "lapTime": 18.65000000000023,
    "maxCrossTrackError": 0.11212158578971308,
    "meanCrossTrackError": 0.014303217689880006,
    "meanSpeed": 0.06577067875021823
}