{
    "lapEnergy": 2000,
    "lapTime": 45,
    "maxCrossTrackError": 0.6868114708261543,
    "meanCrossTrackError": 0.32434693823000726,
    "meanSpeed": 0.055582497684172325
}