{
    "lapEnergy": 365.00674573166816,
    "lapTime": 18.250000000000195,
    "maxCrossTrackError": 0.11212158578971308,
    "meanCrossTrackError": 0.010183497822890847,
    "meanSpeed": 0.07070168867709895
}