{
    "lapEnergy": 407.70000434433814,
    "lapTime": 33.400000000001775,
    "maxCrossTrackError": 0.11212158578971308,
    "meanCrossTrackError": 0.01114711511453964,
    "meanSpeed": 0.039227939390660486
}