{
    "lapEnergy": 579.2220784529065,
    "lapTime": 13.359999999999745,
    "maxCrossTrackError": 0.15975595348689986,
    "meanCrossTrackError": 0.0530266085771067,
    "meanSpeed": 0.12202241417779333
}