{
    "lapEnergy": 2000,
    "lapTime": 45,
    "maxCrossTrackError": 0.24221428741746287,
    "meanCrossTrackError": 0.09150692820033576,
    "meanSpeed": 0.07280134968325322
}