{
    "lapEnergy": 2000,
    "lapTime": 45,
    "maxCrossTrackError": 0.2889571869496962,
    "meanCrossTrackError": 0.11485450809245942,
    "meanSpeed": 0.048043995463330096
}