{
    "lapEnergy": 2000,
    "lapTime": 45,
    "maxCrossTrackError": 2.701060219086749,
    "meanCrossTrackError": 1.063593043253899,
    "meanSpeed": 0.07697075247458635
}