{
    "lapEnergy": 2000,
    "lapTime": 45,
    "maxCrossTrackError": 3.076366684822694,
    "meanCrossTrackError": 1.3784670940358128,
    "meanSpeed": 0.08636033795845557
}