{
    "lapEnergy": 2000,
    "lapTime": 45,
    "maxCrossTrackError": 1.8626048572520417,
    "meanCrossTrackError": 0.845393967613618,
    "meanSpeed": 0.05598722711616263
}