{
    "lapEnergy": 2000,
    "lapTime": 45,
    "maxCrossTrackError": 0.11212158578971308,
    "meanCrossTrackError": 0.015740253415873134,
    "meanSpeed": 0.033088430050635026
}