{
    "lapEnergy": 518.0418663909477,
    "lapTime": 21.330000000000865,
    "maxCrossTrackError": 0.18401550944209633,
    "meanCrossTrackError": 0.051492131807865375,
    "meanSpeed": 0.08404111586517748
}