{
    "lapEnergy": 2000,
    "lapTime": 45,
    "maxCrossTrackError": 0.35975449254549613,
    "meanCrossTrackError": 0.1308194627420447,
    "meanSpeed": 0.1024655633090561
}