{
    "lapEnergy": 361.92269264978177,
    "lapTime": 17.09000000000006,
    "maxCrossTrackError": 0.11212158578971308,
    "meanCrossTrackError": 0.010500814241442337,
    "meanSpeed": 0.07646026271107952
}