{
    "lapEnergy": 2000,
    "lapTime": 45,
    "maxCrossTrackError": 0.8832196115050943,
    "meanCrossTrackError": 0.42872803351700384,
    "meanSpeed": 0.0760729619143726
}