{
    "lapEnergy": 2000,
    "lapTime": 45,
    "maxCrossTrackError": 1.730219485361094,
    "meanCrossTrackError": 0.73025338616732,
    "meanSpeed": 0.05267259705864789
}