{
    "lapEnergy": 365.5485804648574,
    "lapTime": 16.089999999999858,
    "maxCrossTrackError": 0.11212158578971308,
    "meanCrossTrackError": 0.011079510127388604,
    "meanSpeed": 0.078820555681292
}