{
    "lapEnergy": 357.79331939726717,
    "lapTime": 19.470000000000574,
    "maxCrossTrackError": 0.11212158578971308,
    "meanCrossTrackError": 0.012627330901989867,
    "meanSpeed": 0.06861891356160893
}