{
    "lapEnergy": 369.1094405398926,
    "lapTime": 18.16000000000014,
    "maxCrossTrackError": 0.11212158578971308,
    "meanCrossTrackError": 0.014156906780416732,
    "meanSpeed": 0.0667727794829186
}