{
    "lapEnergy": 2000,
    "lapTime": 45,
    "maxCrossTrackError": 0.23660428385410923,
    "meanCrossTrackError": 0.07779282204338635,
    "meanSpeed": 0.06837321411212766
}