{
    "lapEnergy": 395.6028089204351,
    "lapTime": 20.360000000000483,
    "maxCrossTrackError": 0.11212158578971308,
    "meanCrossTrackError": 0.015095642719582284,
    "meanSpeed": 0.0651449940962794
}