{
    "lapEnergy": 424.07968247051303,
    "lapTime": 25.40000000000127,
    "maxCrossTrackError": 0.11212158578971308,
    "meanCrossTrackError": 0.027830520163352874,
    "meanSpeed": 0.05677910057929815
}