{
    "lapEnergy": 409.24177412152085,
    "lapTime": 19.33000000000041,
    "maxCrossTrackError": 0.11212158578971308,
    "meanCrossTrackError": 0.021799663822200558,
    "meanSpeed": 0.07623218842088277
}