{
    "lapEnergy": 377.11037768024744,
    "lapTime": 26.100000000001387,
    "maxCrossTrackError": 0.11212158578971308,
    "meanCrossTrackError": 0.013051087894030698,
    "meanSpeed": 0.04807804512576187
}