{
    "lapEnergy": 371.1403362360661,
    "lapTime": 21.720000000000695,
    "maxCrossTrackError": 0.11212158578971308,
    "meanCrossTrackError": 0.013447564875007777,
    "meanSpeed": 0.056726038675569565
}