{
    "lapEnergy": 2000,
    "lapTime": 45,
    "maxCrossTrackError": 0.35169883315823147,
    "meanCrossTrackError": 0.12095452644238595,
    "meanSpeed": 0.09941328005137037
}