{
    "lapEnergy": 346.2059699720089,
    "lapTime": 18.43000000000027,
    "maxCrossTrackError": 0.11212158578971308,
    "meanCrossTrackError": 0.013172907770460035,
    "meanSpeed": 0.06875836132685481
}