{
    "lapEnergy": 429.35150373165243,
    "lapTime": 17.62000000000006,
    "maxCrossTrackError": 0.11212158578971308,
    "meanCrossTrackError": 0.021802191394368176,
    "meanSpeed": 0.08063262564139506
}