{
    "lapEnergy": 358.57130312752633,
    "lapTime": 21.27000000000064,
    "maxCrossTrackError": 0.11212158578971308,
    "meanCrossTrackError": 0.014143774623990728,
    "meanSpeed": 0.057714147138217334
}