{
    "lapEnergy": 368.6738468866588,
    "lapTime": 18.580000000000204,
    "maxCrossTrackError": 0.11212158578971308,
    "meanCrossTrackError": 0.014286818550513442,
    "meanSpeed": 0.06533424544926027
}