{
    "lapTime": 19.13000000000038,
    "maxCrossTrackError": 0.11212158578971308,
    "meanCrossTrackError": 0.035190894585716434,
    "meanSpeed": 0.053509220669864126
}