{
    "lapEnergy": 387.3972492456478,
    "lapTime": 13.459999999999738,
    "maxCrossTrackError": 0.11212158578971308,
    "meanCrossTrackError": 0.012706486980699915,
    "meanSpeed": 0.09501265234886146
}