{
    "lapEnergy": 363.6162899852352,
    "lapTime": 21.020000000000593,
    "maxCrossTrackError": 0.11212158578971308,
    "meanCrossTrackError": 0.014187413399079286,
    "meanSpeed": 0.058208444468178674
}