{
    "lapEnergy": 390.04740579809095,
    "lapTime": 20.56000000000052,
    "maxCrossTrackError": 0.11212158578971308,
    "meanCrossTrackError": 0.014696696682476617,
    "meanSpeed": 0.06465920468008363
}