{
    "lapEnergy": 368.71715026875427,
    "lapTime": 17.750000000000306,
    "maxCrossTrackError": 0.11212158578971308,
    "meanCrossTrackError": 0.012578348348475205,
    "meanSpeed": 0.0762366244017783
}