{
    "lapEnergy": 387.0044355771829,
    "lapTime": 13.63999999999974,
    "maxCrossTrackError": 0.11212158578971308,
    "meanCrossTrackError": 0.01378635013290262,
    "meanSpeed": 0.08975477787120197
}