{
    "lapEnergy": 2000,
    "lapTime": 45,
    "maxCrossTrackError": 0.28634416683641817,
    "meanCrossTrackError": 0.14258610608119077,
    "meanSpeed": 0.08942743423889853
}