{
    "lapEnergy": 396.69680275574365,
    "lapTime": 35.250000000001315,
    "maxCrossTrackError": 0.11212158578971308,
    "meanCrossTrackError": 0.011122268962071363,
    "meanSpeed": 0.03727534632870438
}