{
    "lapTime": 26.140000000001617,
    "maxCrossTrackError": 0.11212158578971308,
    "meanCrossTrackError": 0.012632044825540574,
    "meanSpeed": 0.048663050906774606
}