{
    "lapEnergy": 2000,
    "lapTime": 45,
    "maxCrossTrackError": 2.4835801972552445,
    "meanCrossTrackError": 1.1244243361857789,
    "meanSpeed": 0.07152910605569424
}