{
    "lapEnergy": 2000,
    "lapTime": 45,
    "maxCrossTrackError": 2.517006557019479,
    "meanCrossTrackError": 1.1547460227941289,
    "meanSpeed": 0.07236551608320134
}