{
    "lapTime": 23.140000000001006,
    "maxCrossTrackError": 0.11212158578971308,
    "meanCrossTrackError": 0.015881840074287036,
    "meanSpeed": 0.0536836889558457
}