{
    "lapEnergy": 366.9592227702219,
    "lapTime": 19.38000000000056,
    "maxCrossTrackError": 0.11212158578971308,
    "meanCrossTrackError": 0.00984159755084798,
    "meanSpeed": 0.07017576492770737
}