{
    "lapEnergy": 2000,
    "lapTime": 45,
    "maxCrossTrackError": 2.4360407456402586,
    "meanCrossTrackError": 1.081979277950723,
    "meanSpeed": 0.0703395259856767
}