{
    "lapEnergy": 2000,
    "lapTime": 45,
    "maxCrossTrackError": 0.8847903476385887,
    "meanCrossTrackError": 0.4345827751945769,
    "meanSpeed": 0.07984971038822013
}