{
    "lapEnergy": 525.7446164559194,
    "lapTime": 18.41000000000022,
    "maxCrossTrackError": 0.1837360718684055,
    "meanCrossTrackError": 0.06051543767636411,
    "meanSpeed": 0.09459849582062362
}