{
    "lapEnergy": 2000,
    "lapTime": 45,
    "maxCrossTrackError": 2.1303557770830155,
    "meanCrossTrackError": 0.8285490160312231,
    "meanSpeed": 0.0626895183087588
}