{
    "lapEnergy": 402.5208677251203,
    "lapTime": 19.070000000000512,
    "maxCrossTrackError": 0.11212158578971308,
    "meanCrossTrackError": 0.012177664631241432,
    "meanSpeed": 0.0768994071583734
}