{
    "lapEnergy": 2000,
    "lapTime": 45,
    "maxCrossTrackError": 0.2420831117811365,
    "meanCrossTrackError": 0.08906136465606042,
    "meanSpeed": 0.0718092372711393
}