{
    "lapEnergy": 484.462637358512,
    "lapTime": 12.139999999999771,
    "maxCrossTrackError": 0.11212158578971308,
    "meanCrossTrackError": 0.01753822845254583,
    "meanSpeed": 0.11429288820934347
}