{
    "lapEnergy": 2000,
    "lapTime": 45,
    "maxCrossTrackError": 2.501670292208811,
    "meanCrossTrackError": 1.1407858076372968,
    "meanSpeed": 0.07198176668335128
}