{
    "lapTime": 20.000000000000515,
    "maxCrossTrackError": 0.11212158578971308,
    "meanCrossTrackError": 0.031213110681335907,
    "meanSpeed": 0.053064942460643756
}