{
    "lapTime": 23.35000000000104,
    "maxCrossTrackError": 0.11212158578971308,
    "meanCrossTrackError": 0.017037669316677544,
    "meanSpeed": 0.0534644763036719
}