{
    "lapEnergy": 2000,
    "lapTime": 45,
    "maxCrossTrackError": 0.8840184051285903,
    "meanCrossTrackError": 0.43264334875888716,
    "meanSpeed": 0.07843098613869068
}