{
    "lapEnergy": 359.03112453652375,
    "lapTime": 25.860000000001385,
    "maxCrossTrackError": 0.11212158578971308,
    "meanCrossTrackError": 0.014186641024940043,
    "meanSpeed": 0.04842024189823271
}