{
    "lapEnergy": 382.4464235708815,
    "lapTime": 15.459999999999724,
    "maxCrossTrackError": 0.11212158578971308,
    "meanCrossTrackError": 0.010944428403792807,
    "meanSpeed": 0.08076079120313517
}