{
    "lapEnergy": 361.1863867819334,
    "lapTime": 15.639999999999787,
    "maxCrossTrackError": 0.11212158578971308,
    "meanCrossTrackError": 0.013933509064146685,
    "meanSpeed": 0.0799412828280292
}