{
    "lapEnergy": 535.9608664468017,
    "lapTime": 17.60000000000006,
    "maxCrossTrackError": 0.18508141111221368,
    "meanCrossTrackError": 0.060780306903439114,
    "meanSpeed": 0.09688076653677957
}