{
    "lapEnergy": 456.25388845656926,
    "lapTime": 16.070000000000043,
    "maxCrossTrackError": 0.11212158578971308,
    "meanCrossTrackError": 0.016018393868418954,
    "meanSpeed": 0.09805332201714895
}