{
    "lapEnergy": 352.0950009089429,
    "lapTime": 26.440000000001664,
    "maxCrossTrackError": 0.11212158578971308,
    "meanCrossTrackError": 0.013307773783525899,
    "meanSpeed": 0.047936139354443484
}