{
    "lapTime": 20.9200000000008,
    "maxCrossTrackError": 0.11212158578971308,
    "meanCrossTrackError": 0.013080487369739408,
    "meanSpeed": 0.06252639811941793
}