{
    "lapEnergy": 2000,
    "lapTime": 45,
    "maxCrossTrackError": 0.2731364163565336,
    "meanCrossTrackError": 0.09797924871956556,
    "meanSpeed": 0.0450996037126878
}