{
    "lapEnergy": 342.62890049828366,
    "lapTime": 20.520000000000596,
    "maxCrossTrackError": 0.11212158578971308,
    "meanCrossTrackError": 0.014178692230699144,
    "meanSpeed": 0.061425893209478014
}