{
    "lapEnergy": 342.607744098495,
    "lapTime": 20.67000000000062,
    "maxCrossTrackError": 0.11212158578971308,
    "meanCrossTrackError": 0.013887882711993135,
    "meanSpeed": 0.06095209377630423
}