{
    "lapEnergy": 2000,
    "lapTime": 45,
    "maxCrossTrackError": 0.2813566074390209,
    "meanCrossTrackError": 0.1291703811030859,
    "meanSpeed": 0.08659434353478948
}