{
    "lapEnergy": 370.19765102222664,
    "lapTime": 21.060000000000635,
    "maxCrossTrackError": 0.11212158578971308,
    "meanCrossTrackError": 0.012874357960505031,
    "meanSpeed": 0.06284216903155583
}