{
    "lapEnergy": 385.56610265479503,
    "lapTime": 17.420000000000023,
    "maxCrossTrackError": 0.11212158578971308,
    "meanCrossTrackError": 0.00987294944724405,
    "meanSpeed": 0.07273284262681588
}