{
    "lapEnergy": 348.98236002431395,
    "lapTime": 19.36000000000037,
    "maxCrossTrackError": 0.11212158578971308,
    "meanCrossTrackError": 0.01445410094651185,
    "meanSpeed": 0.06411420279471178
}