{
    "lapEnergy": 2000,
    "lapTime": 45,
    "maxCrossTrackError": 0.689565077856203,
    "meanCrossTrackError": 0.3378389541562987,
    "meanSpeed": 0.06512585576929798
}