{
    "lapEnergy": 378.026145249019,
    "lapTime": 17.470000000000038,
    "maxCrossTrackError": 0.11212158578971308,
    "meanCrossTrackError": 0.009933533229419991,
    "meanSpeed": 0.07234718334319619
}