{
    "lapEnergy": 393.3495478927748,
    "lapTime": 27.160000000001634,
    "maxCrossTrackError": 0.11212158578971308,
    "meanCrossTrackError": 0.023003770242632785,
    "meanSpeed": 0.052873821348598984
}