{
    "lapEnergy": 383.74273044978554,
    "lapTime": 31.71000000000208,
    "maxCrossTrackError": 0.11212158578971308,
    "meanCrossTrackError": 0.01295223982039829,
    "meanSpeed": 0.039820650372690836
}