{
    "lapEnergy": 381.18807861757205,
    "lapTime": 13.829999999999734,
    "maxCrossTrackError": 0.11212158578971308,
    "meanCrossTrackError": 0.013736908493629631,
    "meanSpeed": 0.08918105031668903
}