{
    "lapEnergy": 382.86987268226494,
    "lapTime": 20.680000000000547,
    "maxCrossTrackError": 0.11212158578971308,
    "meanCrossTrackError": 0.014329607161332178,
    "meanSpeed": 0.0641576316115864
}