{
    "lapEnergy": 2000,
    "lapTime": 45,
    "maxCrossTrackError": 0.2836587104178924,
    "meanCrossTrackError": 0.10975288185324064,
    "meanSpeed": 0.07669786934279865
}