{
    "lapEnergy": 2000,
    "lapTime": 45,
    "maxCrossTrackError": 0.6899283448874962,
    "meanCrossTrackError": 0.33897975800694113,
    "meanSpeed": 0.06463977043428448
}