{
    "lapEnergy": 364.90530577831305,
    "lapTime": 21.49000000000089,
    "maxCrossTrackError": 0.11212158578971308,
    "meanCrossTrackError": 0.009258116531991179,
    "meanSpeed": 0.06302863315179434
}