{
    "lapTime": 20.750000000000632,
    "maxCrossTrackError": 0.12368748685766108,
    "meanCrossTrackError": 0.06167703781222365,
    "meanSpeed": 0.053511717718660236
}