{
    "lapEnergy": 425.77496454071706,
    "lapTime": 15.309999999999704,
    "maxCrossTrackError": 0.11212158578971308,
    "meanCrossTrackError": 0.015847599494285398,
    "meanSpeed": 0.08919609067459407
}