{
    "lapEnergy": 377.609037589792,
    "lapTime": 15.69999999999977,
    "maxCrossTrackError": 0.11212158578971308,
    "meanCrossTrackError": 0.010909892464116895,
    "meanSpeed": 0.08016990555533415
}