{
    "lapEnergy": 2000,
    "lapTime": 45,
    "maxCrossTrackError": 0.7987348579252294,
    "meanCrossTrackError": 0.38401379945145525,
    "meanSpeed": 0.09164913248267957
}