{
    "lapEnergy": 2000,
    "lapTime": 45,
    "maxCrossTrackError": 0.6090478271887081,
    "meanCrossTrackError": 0.26972141262257443,
    "meanSpeed": 0.06984505324291998
}