{
    "lapEnergy": 2000,
    "lapTime": 45,
    "maxCrossTrackError": 0.279166155555328,
    "meanCrossTrackError": 0.10507333105036423,
    "meanSpeed": 0.0464800961705035
}