{
    "lapEnergy": 432.04051051394663,
    "lapTime": 18.180000000000156,
    "maxCrossTrackError": 0.11212158578971308,
    "meanCrossTrackError": 0.023082186063504016,
    "meanSpeed": 0.08011207521146801
}