{
    "lapEnergy": 2000,
    "lapTime": 45,
    "maxCrossTrackError": 0.39383191014331054,
    "meanCrossTrackError": 0.17353072516817547,
    "meanSpeed": 0.06837896312732285
}