{
    "lapEnergy": 366.40475107413613,
    "lapTime": 30.590000000002064,
    "maxCrossTrackError": 0.11212158578971308,
    "meanCrossTrackError": 0.011140535584744718,
    "meanSpeed": 0.04149694436116527
}