{
    "lapTime": 18.780000000000324,
    "maxCrossTrackError": 0.11212158578971308,
    "meanCrossTrackError": 0.03832076845808501,
    "meanSpeed": 0.0527153104611181
}