{
    "lapEnergy": 398.81248716559276,
    "lapTime": 29.95000000000198,
    "maxCrossTrackError": 0.11212158578971308,
    "meanCrossTrackError": 0.013546019144665102,
    "meanSpeed": 0.04197102617762254
}