{
    "lapEnergy": 390.4847725768045,
    "lapTime": 30.74000000000212,
    "maxCrossTrackError": 0.11212158578971308,
    "meanCrossTrackError": 0.013223797688296204,
    "meanSpeed": 0.04091640683329311
}