{
    "lapEnergy": 2000,
    "lapTime": 45,
    "maxCrossTrackError": 0.26761658310549474,
    "meanCrossTrackError": 0.11836945257841457,
    "meanSpeed": 0.0838131042185342
}