{
    "lapEnergy": 2000,
    "lapTime": 45,
    "maxCrossTrackError": 0.4361776505130853,
    "meanCrossTrackError": 0.17277826121458253,
    "meanSpeed": 0.05552366787033133
}