{
    "lapEnergy": 374.09953383668426,
    "lapTime": 17.710000000000083,
    "maxCrossTrackError": 0.11212158578971308,
    "meanCrossTrackError": 0.009913336817589345,
    "meanSpeed": 0.07192946382282461
}