{
    "lapEnergy": 407.5317951029301,
    "lapTime": 25.520000000001303,
    "maxCrossTrackError": 0.11212158578971308,
    "meanCrossTrackError": 0.026626915187753678,
    "meanSpeed": 0.05581185204181898
}