{
    "lapEnergy": 2000,
    "lapTime": 45,
    "maxCrossTrackError": 0.39540158967938926,
    "meanCrossTrackError": 0.15578853601839718,
    "meanSpeed": 0.07048394286013913
}