{
    "lapEnergy": 411.09516059023554,
    "lapTime": 21.50000000000089,
    "maxCrossTrackError": 0.11212158578971308,
    "meanCrossTrackError": 0.019806458277427136,
    "meanSpeed": 0.0698904629020576
}