{
    "lapEnergy": 359.4307405089048,
    "lapTime": 19.170000000000385,
    "maxCrossTrackError": 0.11212158578971308,
    "meanCrossTrackError": 0.01005068133278019,
    "meanSpeed": 0.06861264488689105
}