{
    "lapEnergy": 363.1029935307629,
    "lapTime": 18.790000000000244,
    "maxCrossTrackError": 0.11212158578971308,
    "meanCrossTrackError": 0.014399217127083568,
    "meanSpeed": 0.06494307643634376
}