{
    "lapTime": 19.940000000000506,
    "maxCrossTrackError": 0.11212158578971308,
    "meanCrossTrackError": 0.03389986558886372,
    "meanSpeed": 0.05312599476237481
}