{
    "lapEnergy": 372.01572939482094,
    "lapTime": 16.589999999999893,
    "maxCrossTrackError": 0.11212158578971308,
    "meanCrossTrackError": 0.013425199868022932,
    "meanSpeed": 0.07323399191269235
}