{
    "lapTime": 24.870000000001276,
    "maxCrossTrackError": 0.11212158578971308,
    "meanCrossTrackError": 0.009726013273683493,
    "meanSpeed": 0.05346139091750249
}