{
    "lapEnergy": 2000,
    "lapTime": 45,
    "maxCrossTrackError": 0.6335366997533773,
    "meanCrossTrackError": 0.3020706060168619,
    "meanSpeed": 0.07981601861499159
}