{
    "lapEnergy": 368.9329014227901,
    "lapTime": 20.67000000000053,
    "maxCrossTrackError": 0.11212158578971308,
    "meanCrossTrackError": 0.014183755045305965,
    "meanSpeed": 0.05880219401330458
}