{
    "lapEnergy": 411.0838362416034,
    "lapTime": 13.859999999999722,
    "maxCrossTrackError": 0.11212158578971308,
    "meanCrossTrackError": 0.009095450172088675,
    "meanSpeed": 0.09993559917092032
}