{
    "lapEnergy": 2000,
    "lapTime": 45,
    "maxCrossTrackError": 0.2854114087158598,
    "meanCrossTrackError": 0.13972517606733675,
    "meanSpeed": 0.0888496499304743
}