{
    "lapEnergy": 417.245531155816,
    "lapTime": 32.92000000000189,
    "maxCrossTrackError": 0.11212158578971308,
    "meanCrossTrackError": 0.01101514116167247,
    "meanSpeed": 0.03979841158616056
}