{
    "lapEnergy": 557.2473890699962,
    "lapTime": 17.230000000000224,
    "maxCrossTrackError": 0.15988799023418612,
    "meanCrossTrackError": 0.04625866208528573,
    "meanSpeed": 0.10546593959514272
}