{
    "lapEnergy": 402.2356473088885,
    "lapTime": 29.820000000002192,
    "maxCrossTrackError": 0.11212158578971308,
    "meanCrossTrackError": 0.018294836012220615,
    "meanSpeed": 0.04848256229612087
}