{
    "lapEnergy": 368.49392659405794,
    "lapTime": 24.37000000000134,
    "maxCrossTrackError": 0.11212158578971308,
    "meanCrossTrackError": 0.0118198009981169,
    "meanSpeed": 0.0556177660952948
}