{
    "lapTime": 45,
    "maxCrossTrackError": 0.21705667220692132,
    "meanCrossTrackError": 0.1124165776467268,
    "meanSpeed": 0.0530763291039935
}