{
    "lapEnergy": 2000,
    "lapTime": 45,
    "maxCrossTrackError": 0.27897835145989314,
    "meanCrossTrackError": 0.09065980546876583,
    "meanSpeed": 0.04129145379150468
}