{
    "lapEnergy": 432.9375589793492,
    "lapTime": 15.159999999999707,
    "maxCrossTrackError": 0.11212158578971308,
    "meanCrossTrackError": 0.016356810928926508,
    "meanSpeed": 0.08983084532450951
}