{
    "lapEnergy": 392.5870790444351,
    "lapTime": 13.499999999999742,
    "maxCrossTrackError": 0.11212158578971308,
    "meanCrossTrackError": 0.013884806894729844,
    "meanSpeed": 0.09023282462796703
}