{
    "lapEnergy": 2000,
    "lapTime": 45,
    "maxCrossTrackError": 0.6876206739015253,
    "meanCrossTrackError": 0.3292164952801326,
    "meanSpeed": 0.06049948062731751
}