{
    "lapTime": 20.750000000000632,
    "maxCrossTrackError": 0.12380987650638181,
    "meanCrossTrackError": 0.07211137295164807,
    "meanSpeed": 0.052853619432712544
}