{
    "lapEnergy": 359.4149915540884,
    "lapTime": 28.060000000001775,
    "maxCrossTrackError": 0.11212158578971308,
    "meanCrossTrackError": 0.012859708203607302,
    "meanSpeed": 0.04526659523361797
}