{
    "lapEnergy": 384.5537085244914,
    "lapTime": 15.199999999999706,
    "maxCrossTrackError": 0.11212158578971308,
    "meanCrossTrackError": 0.011330977417923924,
    "meanSpeed": 0.08106695980821355
}