{
    "lapEnergy": 412.0493596588326,
    "lapTime": 33.11000000000185,
    "maxCrossTrackError": 0.11212158578971308,
    "meanCrossTrackError": 0.01101043978769134,
    "meanSpeed": 0.03953441817267035
}