{
    "lapEnergy": 450.5258414889345,
    "lapTime": 39.22000000000064,
    "maxCrossTrackError": 0.11212158578971308,
    "meanCrossTrackError": 0.015530574066404292,
    "meanSpeed": 0.033537872755797705
}