{
    "lapEnergy": 2000,
    "lapTime": 45,
    "maxCrossTrackError": 1.5599456911953462,
    "meanCrossTrackError": 0.5945578772262947,
    "meanSpeed": 0.04840828414291957
}