{
    "lapEnergy": 2000,
    "lapTime": 45,
    "maxCrossTrackError": 0.6413193143940097,
    "meanCrossTrackError": 0.30926986050717237,
    "meanSpeed": 0.08089161280572135
}