{
    "lapEnergy": 359.05449289316175,
    "lapTime": 22.140000000000775,
    "maxCrossTrackError": 0.11212158578971308,
    "meanCrossTrackError": 0.013931134533044185,
    "meanSpeed": 0.05569841287088283
}