{
    "lapEnergy": 368.36940671292314,
    "lapTime": 22.300000000000875,
    "maxCrossTrackError": 0.11212158578971308,
    "meanCrossTrackError": 0.013268788043758308,
    "meanSpeed": 0.06077425510845423
}