{
    "lapTime": 31.650000000002027,
    "maxCrossTrackError": 0.12913586431829993,
    "meanCrossTrackError": 0.03371727821415866,
    "meanSpeed": 0.053413908819704425
}