{
    "lapEnergy": 2000,
    "lapTime": 45,
    "maxCrossTrackError": 0.7919083008499133,
    "meanCrossTrackError": 0.37261126063685507,
    "meanSpeed": 0.08411728608266372
}