{
    "lapEnergy": 354.71208266645453,
    "lapTime": 27.26000000000165,
    "maxCrossTrackError": 0.11212158578971308,
    "meanCrossTrackError": 0.014115238304536148,
    "meanSpeed": 0.04631319751192777
}