{
    "lapEnergy": 439.18986595057186,
    "lapTime": 17.640000000000057,
    "maxCrossTrackError": 0.11212158578971308,
    "meanCrossTrackError": 0.022310928056595274,
    "meanSpeed": 0.08110748225490043
}