{
    "lapEnergy": 2000,
    "lapTime": 45,
    "maxCrossTrackError": 0.2867441784703519,
    "meanCrossTrackError": 0.11280776091217518,
    "meanSpeed": 0.04775269069589161
}