{
    "lapEnergy": 437.8190141049015,
    "lapTime": 13.369999999999733,
    "maxCrossTrackError": 0.11212158578971308,
    "meanCrossTrackError": 0.016129074256904862,
    "meanSpeed": 0.10726426425294915
}