{
    "lapEnergy": 418.815580645914,
    "lapTime": 15.459999999999733,
    "maxCrossTrackError": 0.11212158578971308,
    "meanCrossTrackError": 0.015555932979042095,
    "meanSpeed": 0.08850642023052596
}