{
    "lapEnergy": 2000,
    "lapTime": 45,
    "maxCrossTrackError": 3.9888838128502235,
    "meanCrossTrackError": 1.2243391986586498,
    "meanSpeed": 0.14776971439460224
}