{
    "lapEnergy": 2000,
    "lapTime": 45,
    "maxCrossTrackError": 0.19152680418860826,
    "meanCrossTrackError": 0.060516517956881795,
    "meanSpeed": 0.06272085637830674
}