{
    "lapEnergy": 430.79418706140996,
    "lapTime": 12.329999999999767,
    "maxCrossTrackError": 0.11212158578971308,
    "meanCrossTrackError": 0.009120345393663614,
    "meanSpeed": 0.1051543370127382
}