{
    "lapEnergy": 2000,
    "lapTime": 45,
    "maxCrossTrackError": 0.6177276763858246,
    "meanCrossTrackError": 0.2838714356131233,
    "meanSpeed": 0.07606838871892545
}