{
    "lapEnergy": 2000,
    "lapTime": 45,
    "maxCrossTrackError": 0.8176552917656219,
    "meanCrossTrackError": 0.4058514324722048,
    "meanSpeed": 0.09699550955158016
}