{
    "lapEnergy": 526.4906493716851,
    "lapTime": 17.63000000000007,
    "maxCrossTrackError": 0.18493650460088173,
    "meanCrossTrackError": 0.059834806058323836,
    "meanSpeed": 0.09624249108884124
}