{
    "lapEnergy": 364.0873065393048,
    "lapTime": 15.319999999999785,
    "maxCrossTrackError": 0.11212158578971308,
    "meanCrossTrackError": 0.013462887392072534,
    "meanSpeed": 0.08421901971663578
}