{
    "lapEnergy": 555.8167154788887,
    "lapTime": 15.059999999999745,
    "maxCrossTrackError": 0.1604826892992061,
    "meanCrossTrackError": 0.052909305338980916,
    "meanSpeed": 0.11496976571985269
}