{
    "lapEnergy": 400.14502333300015,
    "lapTime": 34.080000000001604,
    "maxCrossTrackError": 0.11212158578971308,
    "meanCrossTrackError": 0.01102925052713925,
    "meanSpeed": 0.03848485687127561
}