{
    "lapEnergy": 2000,
    "lapTime": 45,
    "maxCrossTrackError": 1.8496852230989296,
    "meanCrossTrackError": 0.8337930494266582,
    "meanSpeed": 0.05566377504064378
}