{
    "lapEnergy": 2000,
    "lapTime": 45,
    "maxCrossTrackError": 0.36636660362752177,
    "meanCrossTrackError": 0.1291153115230001,
    "meanSpeed": 0.09106795010269307
}