{
    "lapEnergy": 2000,
    "lapTime": 45,
    "maxCrossTrackError": 0.28423156570074715,
    "meanCrossTrackError": 0.11048662926012172,
    "meanSpeed": 0.04740320960703829
}