{
    "lapEnergy": 371.78699410830814,
    "lapTime": 24.760000000001178,
    "maxCrossTrackError": 0.11212158578971308,
    "meanCrossTrackError": 0.01399392393379676,
    "meanSpeed": 0.05004368321657001
}