{
    "lapEnergy": 582.2270352299936,
    "lapTime": 14.00999999999973,
    "maxCrossTrackError": 0.1619665024303267,
    "meanCrossTrackError": 0.05533943254767466,
    "meanSpeed": 0.12063079692873713
}