{
    "lapEnergy": 352.8886945889162,
    "lapTime": 17.52000000000008,
    "maxCrossTrackError": 0.11212158578971308,
    "meanCrossTrackError": 0.013057360385336494,
    "meanSpeed": 0.07105529433806185
}