{
    "lapEnergy": 364.48839205664444,
    "lapTime": 30.550000000002072,
    "maxCrossTrackError": 0.11212158578971308,
    "meanCrossTrackError": 0.012192957488381409,
    "meanSpeed": 0.04133907341129555
}