{
    "lapEnergy": 402.79169903991396,
    "lapTime": 26.41000000000147,
    "maxCrossTrackError": 0.11212158578971308,
    "meanCrossTrackError": 0.026329682179757532,
    "meanSpeed": 0.05462765782683261
}