{
    "lapEnergy": 373.8807018379898,
    "lapTime": 26.490000000001455,
    "maxCrossTrackError": 0.11212158578971308,
    "meanCrossTrackError": 0.01259829173231496,
    "meanSpeed": 0.047715941348137496
}