{
    "lapEnergy": 2000,
    "lapTime": 45,
    "maxCrossTrackError": 3.1399080053976287,
    "meanCrossTrackError": 0.819509019768723,
    "meanSpeed": 0.12188637760949425
}