{
    "lapEnergy": 394.9120315218147,
    "lapTime": 12.879999999999754,
    "maxCrossTrackError": 0.11212158578971308,
    "meanCrossTrackError": 0.012964771943495549,
    "meanSpeed": 0.09657476028946241
}