{
    "lapEnergy": 371.5225593022601,
    "lapTime": 15.009999999999708,
    "maxCrossTrackError": 0.11212158578971308,
    "meanCrossTrackError": 0.013788341984119159,
    "meanSpeed": 0.08190063415738325
}