{
    "lapEnergy": 2000,
    "lapTime": 45,
    "maxCrossTrackError": 3.1328704529526963,
    "meanCrossTrackError": 1.429399560261693,
    "meanSpeed": 0.08777387951884585
}