{
    "lapEnergy": 392.55071368812514,
    "lapTime": 36.63000000000086,
    "maxCrossTrackError": 0.11212158578971308,
    "meanCrossTrackError": 0.013486794971213975,
    "meanSpeed": 0.034473048206889824
}