{
    "lapEnergy": 367.07502090555226,
    "lapTime": 25.100000000001238,
    "maxCrossTrackError": 0.11212158578971308,
    "meanCrossTrackError": 0.014000754976210601,
    "meanSpeed": 0.04961929901822143
}