{
    "lapEnergy": 2000,
    "lapTime": 45,
    "maxCrossTrackError": 3.153891724772347,
    "meanCrossTrackError": 1.4485796907427761,
    "meanSpeed": 0.08829975832604799
}