{
    "lapEnergy": 371.27507469083776,
    "lapTime": 14.389999999999718,
    "maxCrossTrackError": 0.11212158578971308,
    "meanCrossTrackError": 0.013507196944341104,
    "meanSpeed": 0.08731503490179084
}