{
    "lapEnergy": 380.08741638353195,
    "lapTime": 33.05000000000175,
    "maxCrossTrackError": 0.11212158578971308,
    "meanCrossTrackError": 0.012849253043396224,
    "meanSpeed": 0.03836116559889337
}