{
    "lapEnergy": 2000,
    "lapTime": 45,
    "maxCrossTrackError": 0.39691840753556956,
    "meanCrossTrackError": 0.15859628931493322,
    "meanSpeed": 0.07195022447379783
}