{
    "lapEnergy": 348.6669486818314,
    "lapTime": 19.720000000000425,
    "maxCrossTrackError": 0.11212158578971308,
    "meanCrossTrackError": 0.014396302141877378,
    "meanSpeed": 0.06309404590390079
}