{
    "lapTime": 23.410000000001048,
    "maxCrossTrackError": 0.11212158578971308,
    "meanCrossTrackError": 0.014968210731969004,
    "meanSpeed": 0.05307078947255971
}