{
    "lapEnergy": 2000,
    "lapTime": 45,
    "maxCrossTrackError": 0.882410435518364,
    "meanCrossTrackError": 0.4246480199395361,
    "meanSpeed": 0.06985626811706501
}