{
    "lapEnergy": 465.0006824609784,
    "lapTime": 12.299999999999766,
    "maxCrossTrackError": 0.11212158578971308,
    "meanCrossTrackError": 0.016256840652363474,
    "meanSpeed": 0.11272570805176126
}