{
    "lapEnergy": 353.63737096143177,
    "lapTime": 16.71,
    "maxCrossTrackError": 0.11212158578971308,
    "meanCrossTrackError": 0.013773218242763098,
    "meanSpeed": 0.07648856366119253
}