{
    "lapEnergy": 422.0703422641632,
    "lapTime": 13.159999999999744,
    "maxCrossTrackError": 0.11212158578971308,
    "meanCrossTrackError": 0.009313027103529456,
    "meanSpeed": 0.10291483713866095
}