{
    "lapEnergy": 358.310692919787,
    "lapTime": 19.04000000000029,
    "maxCrossTrackError": 0.11212158578971308,
    "meanCrossTrackError": 0.014357594723898628,
    "meanSpeed": 0.06442554850943381
}