{
    "lapEnergy": 2000,
    "lapTime": 45,
    "maxCrossTrackError": 0.46359348544930745,
    "meanCrossTrackError": 0.21170656459331913,
    "meanSpeed": 0.06442830568148508
}