{
    "lapEnergy": 419.562148693954,
    "lapTime": 16.230000000000068,
    "maxCrossTrackError": 0.11212158578971308,
    "meanCrossTrackError": 0.008464166966988733,
    "meanSpeed": 0.09169668927606588
}