{
    "lapTime": 45,
    "maxCrossTrackError": 0.12232313530734835,
    "meanCrossTrackError": 0.03159784986037794,
    "meanSpeed": 0.05337218834767847
}