{
    "lapEnergy": 2000,
    "lapTime": 45,
    "maxCrossTrackError": 0.8855270080232734,
    "meanCrossTrackError": 0.43662661500761263,
    "meanSpeed": 0.08080951082571941
}