{
    "lapEnergy": 2000,
    "lapTime": 45,
    "maxCrossTrackError": 2.9754472093607713,
    "meanCrossTrackError": 1.2897843463461738,
    "meanSpeed": 0.08383560284968022
}