{
    "lapEnergy": 363.72415434857385,
    "lapTime": 18.38000000000018,
    "maxCrossTrackError": 0.11212158578971308,
    "meanCrossTrackError": 0.014219027497860092,
    "meanSpeed": 0.06635495772413659
}