{
    "lapEnergy": 2000,
    "lapTime": 45,
    "maxCrossTrackError": 0.11212158578971308,
    "meanCrossTrackError": 0.01581434055929922,
    "meanSpeed": 0.03275048215388934
}