{
    "lapEnergy": 2000,
    "lapTime": 45,
    "maxCrossTrackError": 0.45323872013494737,
    "meanCrossTrackError": 0.19877109234807488,
    "meanSpeed": 0.0625379804973123
}