{
    "lapEnergy": 381.9640577725122,
    "lapTime": 25.810000000001335,
    "maxCrossTrackError": 0.11212158578971308,
    "meanCrossTrackError": 0.013409243274846041,
    "meanSpeed": 0.048349086441062804
}