{
    "lapEnergy": 2000,
    "lapTime": 45,
    "maxCrossTrackError": 3.1716419622256145,
    "meanCrossTrackError": 1.4648713626655456,
    "meanSpeed": 0.08874380505022908
}