{
    "lapEnergy": 2000,
    "lapTime": 45,
    "maxCrossTrackError": 0.6891916138974795,
    "meanCrossTrackError": 0.3366561347930396,
    "meanSpeed": 0.06369219771519789
}