{
    "lapEnergy": 379.7664458281888,
    "lapTime": 14.269999999999714,
    "maxCrossTrackError": 0.11212158578971308,
    "meanCrossTrackError": 0.012211779081270125,
    "meanSpeed": 0.0922172751043887
}