{
    "lapEnergy": 2000,
    "lapTime": 45,
    "maxCrossTrackError": 0.11212158578971308,
    "meanCrossTrackError": 0.015605232082829623,
    "meanSpeed": 0.03070539050819328
}