{
    "lapEnergy": 2000,
    "lapTime": 45,
    "maxCrossTrackError": 1.7959618499497705,
    "meanCrossTrackError": 0.7863886235548873,
    "meanSpeed": 0.05431871401288667
}