{
    "lapTime": 45,
    "maxCrossTrackError": 0.22161314582497332,
    "meanCrossTrackError": 0.12011282823030507,
    "meanSpeed": 0.05319392032742259
}