{
    "lapEnergy": 2000,
    "lapTime": 45,
    "maxCrossTrackError": 0.11212158578971308,
    "meanCrossTrackError": 0.01368979129722967,
    "meanSpeed": 0.027648332105275418
}