{
    "lapEnergy": 2000,
    "lapTime": 45,
    "maxCrossTrackError": 0.11212158578971308,
    "meanCrossTrackError": 0.015855064873700843,
    "meanSpeed": 0.031978161493550906
}