{
    "lapEnergy": 403.39252933600255,
    "lapTime": 15.769999999999808,
    "maxCrossTrackError": 0.11212158578971308,
    "meanCrossTrackError": 0.014664029161590406,
    "meanSpeed": 0.0868037202673153
}