{
    "lapEnergy": 344.3960038345799,
    "lapTime": 23.35000000000104,
    "maxCrossTrackError": 0.11212158578971308,
    "meanCrossTrackError": 0.01386937793653531,
    "meanSpeed": 0.0538501069986948
}