{
    "lapEnergy": 567.6319426766229,
    "lapTime": 14.359999999999719,
    "maxCrossTrackError": 0.15996585238823174,
    "meanCrossTrackError": 0.05402254933084242,
    "meanSpeed": 0.11855078818220346
}