{
    "lapEnergy": 2000,
    "lapTime": 45,
    "maxCrossTrackError": 0.46003035674993964,
    "meanCrossTrackError": 0.20735475950641477,
    "meanSpeed": 0.06383129230560768
}