{
    "lapEnergy": 2000,
    "lapTime": 45,
    "maxCrossTrackError": 0.392242203553378,
    "meanCrossTrackError": 0.16344114153073708,
    "meanSpeed": 0.06260638499256005
}