{
    "lapEnergy": 402.6563405257684,
    "lapTime": 37.65000000000066,
    "maxCrossTrackError": 0.11212158578971308,
    "meanCrossTrackError": 0.011067837345730027,
    "meanSpeed": 0.03430372003276205
}