{
    "lapEnergy": 543.8113516509843,
    "lapTime": 17.510000000000037,
    "maxCrossTrackError": 0.18501000432940476,
    "meanCrossTrackError": 0.060718315971219995,
    "meanSpeed": 0.09741926277331603
}