{
    "lapEnergy": 382.77498725434907,
    "lapTime": 14.639999999999718,
    "maxCrossTrackError": 0.11212158578971308,
    "meanCrossTrackError": 0.013838260247628813,
    "meanSpeed": 0.08336445749152084
}