{
    "lapEnergy": 515.293477647374,
    "lapTime": 19.13000000000038,
    "maxCrossTrackError": 0.1834281836454258,
    "meanCrossTrackError": 0.05906650784713308,
    "meanSpeed": 0.0917172157297285
}