{
    "lapTime": 23.050000000000992,
    "maxCrossTrackError": 0.11212158578971308,
    "meanCrossTrackError": 0.018361054455813396,
    "meanSpeed": 0.05313221903455332
}