{
    "lapEnergy": 448.2080425242352,
    "lapTime": 12.609999999999756,
    "maxCrossTrackError": 0.11212158578971308,
    "meanCrossTrackError": 0.016233358836282026,
    "meanSpeed": 0.11069443137359751
}