{
    "lapEnergy": 2000,
    "lapTime": 45,
    "maxCrossTrackError": 0.6376756647750529,
    "meanCrossTrackError": 0.3057321318490286,
    "meanSpeed": 0.08036352461552103
}