{
    "lapEnergy": 367.8783882924504,
    "lapTime": 16.70999999999992,
    "maxCrossTrackError": 0.11212158578971308,
    "meanCrossTrackError": 0.013193449508121806,
    "meanSpeed": 0.07298438644949518
}