{
    "lapEnergy": 2000,
    "lapTime": 45,
    "maxCrossTrackError": 0.6884196121837524,
    "meanCrossTrackError": 0.3337764694465345,
    "meanSpeed": 0.06238099694248871
}