{
    "lapTime": 16.820000000000018,
    "maxCrossTrackError": 0.11212158578971308,
    "meanCrossTrackError": 0.013410012593431846,
    "meanSpeed": 0.08404405108421059
}