{
    "lapEnergy": 480.48348238439416,
    "lapTime": 12.359999999999767,
    "maxCrossTrackError": 0.11212158578971308,
    "meanCrossTrackError": 0.017373017569336777,
    "meanSpeed": 0.11354457941779873
}