{
    "lapEnergy": 2000,
    "lapTime": 45,
    "maxCrossTrackError": 0.24147925423589897,
    "meanCrossTrackError": 0.08557003122406194,
    "meanSpeed": 0.07054936526773202
}