{
    "lapEnergy": 424.4216649486725,
    "lapTime": 12.469999999999763,
    "maxCrossTrackError": 0.11212158578971308,
    "meanCrossTrackError": 0.009315275850766159,
    "meanSpeed": 0.10459726247239215
}