{
    "lapEnergy": 2000,
    "lapTime": 45,
    "maxCrossTrackError": 0.8112456613690556,
    "meanCrossTrackError": 0.3997596453591126,
    "meanSpeed": 0.09591991393933531
}