{
    "lapEnergy": 2000,
    "lapTime": 45,
    "maxCrossTrackError": 0.8851636991069826,
    "meanCrossTrackError": 0.4355770060885722,
    "meanSpeed": 0.08036657737618616
}