{
    "lapEnergy": 378.1709068328646,
    "lapTime": 14.649999999999718,
    "maxCrossTrackError": 0.11212158578971308,
    "meanCrossTrackError": 0.013796059244820068,
    "meanSpeed": 0.08302054239902085
}