{
    "lapEnergy": 348.3658829441515,
    "lapTime": 23.140000000001148,
    "maxCrossTrackError": 0.11212158578971308,
    "meanCrossTrackError": 0.012400255863138901,
    "meanSpeed": 0.055703722536271295
}