{
    "lapEnergy": 400.72210025297227,
    "lapTime": 12.759999999999758,
    "maxCrossTrackError": 0.11212158578971308,
    "meanCrossTrackError": 0.012890908039526623,
    "meanSpeed": 0.09707488550325435
}