{
    "lapEnergy": 362.05828361374233,
    "lapTime": 16.959999999999965,
    "maxCrossTrackError": 0.11212158578971308,
    "meanCrossTrackError": 0.013208104801978439,
    "meanSpeed": 0.07250060311795543
}