{
    "lapEnergy": 2000,
    "lapTime": 45,
    "maxCrossTrackError": 0.8145724519550008,
    "meanCrossTrackError": 0.4029112196443165,
    "meanSpeed": 0.09649756033145576
}