{
    "lapEnergy": 376.7094297271183,
    "lapTime": 24.43000000000112,
    "maxCrossTrackError": 0.11212158578971308,
    "meanCrossTrackError": 0.013995685558349543,
    "meanSpeed": 0.050558078194755926
}