{
    "lapEnergy": 2000,
    "lapTime": 45,
    "maxCrossTrackError": 1.83452944089472,
    "meanCrossTrackError": 0.820282653371161,
    "meanSpeed": 0.05528433259253165
}