{
    "lapEnergy": 348.92103079171693,
    "lapTime": 23.4700000000012,
    "maxCrossTrackError": 0.11212158578971308,
    "meanCrossTrackError": 0.012984136756388997,
    "meanSpeed": 0.054775275299368265
}