time,step-size,{bodyFMU}.body.robot_theta,{bodyFMU}.body.robot_x,{bodyFMU}.body.robot_y,{bodyFMU}.body.robot_z,{bodyFMU}.body.total_energy_used,{controllerFMU}.controller.servoLeftVal,{controllerFMU}.controller.servoRightVal,{sensor1FMU}.sensor1.lf_1_sensor_reading,{sensor1FMU}.sensor2.lf_1_sensor_reading
0.0,0.0,0.0,0.0,0.0,0.0,0.0,0.0,0.0,1.0000000000000002,1.0000000000000002
0.1,0.1,0.0,0.138,-0.08,0.0,0.7999999999997272,0.4,-0.4,254.00000000000006,254.00000000000006
5.1,5.0,0.0,0.138,0.2395008646558895,0.0,88.1654841407385,0.4,-0.4,254.00000000000006,254.00000000000006
10.1,5.0,0.0,0.138,0.5840393371744032,0.0,181.68474347478286,0.4,-0.4,255.00000000000006,254.00000000000006
15.1,5.0,0.0,0.138,0.9285093371672629,0.0,275.18543194039194,0.4,-0.4,254.00000000000006,255.00000000000006
20.1,5.0,0.0,0.138,1.272910443167193,0.0,368.6674202705358,0.4,-0.4,254.00000000000006,254.00000000000006
25.1,5.0,0.0,0.138,1.617380443167123,0.0,462.16810873837267,0.4,-0.4,255.00000000000006,254.00000000000006
30.1,5.0,0.0,0.138,1.9618504431670534,0.0,555.6687972062116,0.4,-0.4,254.00000000000006,254.00000000000006
35.1,5.0,0.0,0.138,2.3063204431669835,0.0,649.1694856740378,0.4,-0.4,254.00000000000006,254.00000000000006
