{
    "lapTime": 45,
    "maxCrossTrackError": 2.329760839512446,
    "meanCrossTrackError": 0.9889355842950479,
    "meanSpeed": 0.06808404424719988
}