{
    "lapTime": 23.720000000001097,
    "maxCrossTrackError": 0.11212158578971308,
    "meanCrossTrackError": 0.013565621511349909,
    "meanSpeed": 0.05309557164460318
}