{
    "lapEnergy": 438.7390177570687,
    "lapTime": 12.259999999999769,
    "maxCrossTrackError": 0.11212158578971308,
    "meanCrossTrackError": 0.009570925828532533,
    "meanSpeed": 0.10569205381023669
}