{
    "lapEnergy": 2000,
    "lapTime": 45,
    "maxCrossTrackError": 0.3702947143608695,
    "meanCrossTrackError": 0.14528034340100981,
    "meanSpeed": 0.10692241247671991
}