{
    "lapEnergy": 394.40990495374353,
    "lapTime": 30.290000000002042,
    "maxCrossTrackError": 0.11212158578971308,
    "meanCrossTrackError": 0.013390190747729715,
    "meanSpeed": 0.04153921854564332
}